<?xml version="1.0" encoding="UTF-8"?>
<!DOCTYPE suite SYSTEM "https://testng.org/testng-1.0.dtd">
<suite name="Suite" thread-count="2" parallel="tests">
  <test name="Chrome Test">
  <parameter name="browser" value="chrome">
    <classes>
      <class name="com.atmecs.demoblaze.testscripts.AddToCart"/>
      <class name="com.atmecs.demoblaze.testscripts.Login"/>
      <class name="com.atmecs.demoblaze.testscripts.ContactUs"/>
      <class name="com.atmecs.demoblaze.testscripts.Registration"/>
    </classes>
    </parameter>
  </test> <!-- Test -->
  <test name="Firefox Test">
  <parameter name="browser" value="firefox">
    <classes>  
      <class name="com.atmecs.demoblaze.testscripts.Login"/>
      <class name="com.atmecs.demoblaze.testscripts.ContactUs"/>
      <class name="com.atmecs.demoblaze.testscripts.Registration"/>
      <class name="com.atmecs.demoblaze.testscripts.AddToCart"/>
    </classes>
    </parameter>
  </test> <!-- Test -->
</suite> <!-- Suite -->
